Unnamed: 0,Japanese Name,Romanized Name,Official English Name,Debut,Affiliations,Occupations,Status,Birthday,Unnamed: 9,Character,Origin,Residence,Age,Height,Blood Type,English Name,Meaning,Type,Age at Death,LiveAction Portrayal,Alias,First Appearance,Admiral,Main Ship,Total Bounty,Affiliation,Patriarch,Captain,Occupation,Leaders,Residency,12th Leader,13th Tobe Leader,Kingdom,Boss,Matriarch,GovernorGeneral, Number,Size,First appearance,Region,Netflix English VA,Birth Name,Japanese VA,Funi English VA,Features,Weight,Fruit Debut,Usage Debut,Previous User, key,Vessel,Homeland,Completion Date,Length,Affiliates,Occupations_Clean
183,サッチ,Satchi,Thatch,Chapter 440; Episode 325,WhitebeardPirates,Cook,Deceased,March 24th,Parker Fitzgerald,Thatch,North Blue,,,,,,,,,,,,,,,,,,,,,,,,,,,,,,,,,,,,,,,,,,,,,,Cook
114,ビスタ,Bisuta,Vista,Chapter 552; Episode 0,WhitebeardPirates,Pirate,Alive,February 5th,Hunter Barnett,Vista,North Blue,,45 (debut)47 (after timeskip),"328 cm (10'9"")",X,,,,,,,,,,,,,,,,,,,,,,,,,,,,,,,,,,,,,,,,,,Pirate
121,ビクトリア･シンドリー,BikutoriaShindorī,Victoria Cindry,Chapter 446; Episode 340,DrHogback,SoldierZombie,Deceased,May 4th,Jamie Marchi,Victoria Cindry,West Blue,,,"188 cm (6'2"")",F,,,,24.0,,,,,,,,,,,,,,,,,,,400.0,,,,,,,,,,,,,,,,,,,Soldier Zombie
69,ゼイディー,Zeidī,Zayde,Chapter 391; Episode 275,OharaArchaeologists,Archaeologist,Deceased,,Craig Dvorak,Zadie,,,,,,,,,,,,,,,,,,,,,,,,,,,,,,,,,,,,,,,,,,,,,,,Archaeologist
145,ウルトラキング,Urutorakingu,Ultra King,Chapter 169; Episode 106,RainDinners,AssistantManager,Alive,,,Ultraking,,,,,,,,,,,,,,,,,,,,,,,,,,,,,,,,,,,,,,,,,,,,,,,Assistant-Manager
190,テリー,Terī,Terry,Chapter 223; Episode 146,,Bartender,Alive,,Mark Stoddard,Terry,,Mock Town,,,,,,,,,,,,,,,,,,,,,,,,,,,,,,,,,,,,,,,,,,,,,Bartender
40,雇われ暴力団コアラ組,YatowareBōryokudanKoaragumi,Koala Gang,Chapter 169; Episode 106,RainDinners,Bodyguards,Alive,,,Koala Mercenaries,,,,,,,,,,,,,,,,,,,,,,,,,,,,,,,,,,,,,,,,,,,,,,,Bodyguards
74,ヨサク,Yosaku,Yosaku,Chapter 42; Episode 20,RoronoaZorosband,Fisherman,Alive,November 10th,Josh Martin,Yosaku,East Blue,,24 (debut)26 (after timeskip),"185 cm (6'1"")",F,,,,,,,,,,,,,,,,,,,,,,,,,,,,,,,,,,,,,,,,,,Fisherman
126,バンダー・デッケン,BandāDekken,Vander Decken,Chapter 606; Episode 525 (mentioned),FlyingDutchman,Captain,Deceased,,,Vander Decken,,,,,,,,,,,,,,,,,,,,,,,,,,,,,,,,,,,,,,,,,,,,,,,Captain
92,"Ryu Ryu no Mi, Model  Allosaurus",DiesuDorēku,X. Drake,Chapter 498; Episode 392,NinjaPirateMinkSamuraiAlliance,MarineRearAdmiral,Unknown,October 24th,D. C. Douglas,X Drake,North Blue,,31 (debut)33 (after timeskip),"233 cm (7'8"") (debut, after timeskip)",X,"Dragon-Dragon Fruit, Model  Allosaurus","Dragon, Allosaurus",Ancient Zoan,,,"Dory (ドリィ, Dorii?, English version  Drie)",,,,,,,,,,,,,,,,,,,,,,,,,,,,,,,,,,,,Marine Rear Admiral
100,ワンゼ,Wanze,Wanze,Chapter 367; Episode 257,CP7,Chef,Alive,September 4th,Jessie James Grelle,Wanze,West Blue,,26 (debut)28 (after timeskip),"173 cm (5'8"")",F,,,,,,"""Mad Wanze"" (マッドなワンゼ Maddona Wanze)",,,,,,,,,,,,,,,,,,,,,,,,,,,,,,,,,,,,Chef
172,トップマン・ウォーキュリー聖,ToppumanWōkyurīSei,St. Topman Warcury,Chapter 233; Episode 151,WorldNobles,WarriorGodofJustice,Alive,,Kurt Kleinmann,Topman Warcury,,Mary Geoise,,,,,,,,,,,,,,,,,,,,,,,,,,,,,,,,,,,,,,,,,,,,,Warrior God of Justice
88,ヤマ,Yama,Yama,Chapter 254; Episode 167,Enel,CommanderoftheDivineSoldiers,Unknown,October 3rd,Andrew Chandler,Yama,Sky Islands (Birka),,43 (debut)45 (after timeskip),366 cm (12'),F,,,,,,,,,,,,,,,,,,,,,,,,,,,,,,,,,,,,,,,,,,Commander of the Divine Soldiers
83,ヤリスギ,Yarisugi,Yarisugi,Chapter 673; Episode 599,G5,Commodore,Alive,,Ben Phillips,Yarisugi,,,,"220 cm (7'3"")",,,,,,,,,,,,,,,,,,,,,,,,,,,,,,,,,,,,,,,,,,,Commodore
196,タロイモ,Taroimo,Taroimo,Chapter 523; Episode 418,KarakuriIsland,Pet,Alive,October 16th,Chris Ryan,Taroimo,,,,,,,,,,,,,,,,,,,,,,,,,,,,,,,,,,,,,,,,,,,,,,,Pet
134,ウサッコフ,Usakkofu,Bunkov,Chapter 537; Episode 438,NewkamaLand,DancerPrisoneroftheGreatPrison,Alive,,Derick Snow,Usakkov,,,,,,,,,,,,,,,,,,,,,,,,,,,,,,,,,,,,,,,,,,,,,,,"Dancer, Prisoner of the Great Prison"
158,ツノッコフ,Tsunokkofu,Antlerkov,Chapter 537; Episode 438,NewkamaLand,DancerPrisoneroftheGreatPrison,Alive,,,Tsunokkov,,,,,,,,,,,,,,,,,,,,,,,,,,,,,,,,,,,,,,,,,,,,,,,"Dancer, Prisoner of the Great Prison"
175,トマトギャング,TomatoGyangu,Tomato Gang,Chapter 179,EasterEgg,DebtCollector,Alive,,,Tomato Gang,,,38 (debut)40 (after timeskip),,,,,,,,,,,,,,,,,,,,,,,,,,,,,,,,,,,,,,,,,,,,Debt Collector
191,テンセイ,Tensei,Tensei,Chapter 1054; Episode 1081,Marines,DirectoroftheMarineCriminalInvestigativeService,Alive,,Jim Jorgensen,Tensei,,,,,,,,,,,"""Kurouma"" (黒馬, Kurouma?, literally meaning ""Black Horse"")",,,,,,,,,,,,,,,,,,,,,,,,,,,,,,,,,,,,Director of the Marine Criminal Investigative Service
62,ザンバイ,Zanbai,Zambai,Chapter 324; Episode 230,GalleyLaCompany,BountyHunter,Alive,March 8th,Doug Goodrich,Zambai,Grand Line (Water 7),Water 7,33 (debut)35 (after timeskip),"227 cm (7'5"")",S,,,,,,,,,,,,,,,,,,,,,,,,,,,,,,,,,,,,,,,,,,Bounty Hunter
38,怪力デストロイヤーズ,KairikiDesutoroiyāzu,Herculean Destroyers,Chapter 329; Episode 233,FrankyFamily,BountyHunters,Alive,,,Kairiki Destroyers,,Water 7,,,,,,,,,,,,,,,,,,,,,,,,,,,,,,,,,,,,,,,,,,,,,Bounty Hunters
181,タイルストン,Tairusuton,Tilestone,Chapter 323; Episode 230,GalleyLaCompany,Shipwright,Alive,January 6th,Patrick Camacho,Tilestone,Grand Line (Water 7),Water 7,33 (debut)35 (after timeskip),"255 cm (8'4"")",S,,,,,,,,,,,,,,,,,,,,,,,,,,,,,,,,,,,,,,,,,,Shipwright
82,ようかん,Yōkan,,Chapter 915; Episode 902,,Doctor,Alive,,Rick Oristano,Yokan,,Wano Country (Bakura Town),,,,,,,,,,,,,,,,,,,,,,,,,,,,,,,,,,,,,,,,,,,,,Doctor
193,テガタ・リンガナ,TegataRingana,Needa Hand,Chapter 785; Episode 727,,Doctor,Alive,,Tomohisa Asō,Tegata Ringana,,,,,,,,,,,,,,,,,,,,,,,,,,,,,,,,,,,,,,,,,,,,,,,Doctor
174,Hito Hito no Mi,TonīTonīChoppā,Tony Tony Chopper,Chapter 134; Episode 81,NinjaPirateMinkSamuraiAlliance,SeniorOfficer,Alive,December 24th,Brina Palencia,Tony Tony Chopper,Grand Line (Drum Island),"Sakura Kingdom (former);Torino Kingdom (former, temporary)",15 (debut)17 (after timeskip),"90 cm (2'11"") (hybrid form)",X,Human-Human Fruit,Human,Zoan,,,"""Chopa-emon"" (チョッパえもん, Choppaemon?, English versions  Chopperemon)",,,,,,,,,,,,,,,,,,,,,,,,,,,,,,,,,,,,Senior Officer
13,Bane Bane no Mi,Beramī,Bellamy,Chapter 222; Episode 146,BellamyPirates,PirateCaptain,Alive,August 7th,Justin Cook,Bellamy,,Dressrosa (former)Notice (former),25 (debut)27 (after timeskip),"240 cm (7'10"")",F,Boing-Boing Fruit (VIZ); Spring-Spring Fruit (Funimation),Spring,Paramecia,,,,,,,,,,,,,,,,,,,,,,,,,,,,,,,,,,,,,,,Pirate Captain
167,津軽うみ,TsugaruUmi,,Chapter 909; Episode 892,NicoRobin,GeishaMaster,Alive,,Linda Leonard,Tsugaru Umi,,Wano Country (Flower Capital),,,,,,,,,,,,,,,,,,,,,,,,,,,,,,,,,,,,,,,,,,,,,Geisha Master
198,タララン,Tararan,"Taralan (Viz Manga), Tararan (Funimation dub)",Chapter 452; Episode 346,ThrillerBarkPirates,CommanderoftheSpiderMice,Deceased,,Todd Upchurch (Ep. 346 - 406)Jim Foronda (Ep. 407+),Tararan,,Thriller Bark,,,,,,,,,,,,,,,,,,,,,,,,,,,,,,,,,,,,,,,,,,,,,Commander of the Spider Mice
103,輪入道,Wanyūdō,Wanyudo,Chapter 1005; Episode 1021,BeastsPirates,Gifter,Alive,,Mark Fickert,Wanyudo,,,,,,Pug SMILE,,Artificial Zoan,,,,,,,,,,,,,,,,,,,,,,,,,,,,,,,,,,,,,,,Gifter
189,天井下り,TenjōSagari,Tenjo-Sagari,"Chapter 980, Episode 986",BeastsPirates,Gifter,Alive,,Giovannie Cruz,Tenjo-Sagari,,,,,,White Snake SMILE,,Artificial Zoan,,,,,,,,,,,,,,,,,,,,,,,,,,,,,,,,,,,,,,,Gifter
151,ウーシー,Ūshī,"Moocy (VIZ Media, FUNimation dub);Usy (FUNimation simulcast);Bullcy (FUNimation subs)",Chapter 706; Episode 639,CorridaColosseum,Gladiator,Alive,April 21st,Chris Thurman (Episode of Sabo only),Ucy,,,,,,,,,,,,,,,,,,,,,,,,,,,,,,,,,,,,,,,,,,,,,,,Gladiator
155,ウバウ,Ubau,,Chapter 292; Episode 189,,GodofSkypiea,Deceased,,Brian Mathis (Episode 189); Randy E. Aguebor (Episode of Skypiea),Ubau,Skypiea,,,,,,,,,,,,,,,,,,,,,,,,,,,,,,,,,,,,,,,,,,,,,,God of Skypiea
4,BB（ブラックバック）,Bībī,BB (Blackback)BB (Black Back) (WT100),Chapter 805; Episode 754,,Guardian,Alive,,Anthony Bowling,Blackback,,Zou (Whale Forest),,,,,,,,,,,,,,,,,,,,,,,,,,,,,,,,,,,,,,,,,,,,,Guardian
63,ゼフ,Zefu,Zeff,Chapter 43; Episode 20,CookPirates,HeadChefofBaratiePirateCaptain,Alive,April 2nd,Grant JamesGarrett Schenck (2019+),Zeff,East Blue,Baratie,65 (debut)67 (after timeskip),"189 cm (6'2½"")",XF,,,,,Craig Fairbrass,,,,,,,,,,,,,,,,,,,,,,,,,,,,,,,,,,,,,"Head Chef of Baratie, Pirate Captain"
153,ティラノサウルス,Tiranosaurusu,Tyrannosaurus,Chapter 323; Episode 230,Iceburg,Iceburgspet,Alive,October 20th,Morgan Garrett,Tyrannosaurus,,Water 7,,,,,,,,,,,,,,,,,,,,,,,,,,,,,,,,,,,,,,,,,,,,,Iceburg's pet
177,トコ,Toko,Toko,Chapter 927; Episode 920,KozukiHiyoriShimotsukiFamily,Kamuro,Alive,October 5th,Kara Edwards,Toko,,,6,"89 cm (2'11"")",F,,,,,,,,,,,,,,,,,,,,,,,,,,,,,,,,,,,,,,,,,,Kamuro
36,門番,Monban,,Chapter 24; Episode 9,TessleCompany,Kayassecurityguards,Alive,July 1st (Right Guard),Yasuhiko TokuyamaTakehiko Watanabe,Mansion's Guards,East Blue (Syrup Village) (Right Guard),,,,,,,,,,,,,,,,,,,,,,,,,,,,,,,,,,,,,,,,,,,,,,Kaya's security guards
194,ティー4世,TīYonsei,,Chapter 823; Episode 777,Levely,King,Alive,,Chris Long,Tea IV,,Eigis Kingdom,,,,,,,,,,,,,,,,,,,,,,,,,,,,,,,,,,,,,,,,,,,,,King
185,タラッサ・ルーカス,TarassaRūkasu,Thalassa Lucas,Chapter 142; Episode 91,IlisiaKingdom,King,Unknown,July 27th,Keiichi Sonobe,Thalassa Lucas,,,,,,,,,,,,,,,,,,,,,,,,,,,,,,,,,,,,,,,,,,,,,,,King
101,Baku Baku no Mi,Waporu,Wapol,Chapter 131; Episode 79,BlikingPirates,Captain,Alive,August 9th,Andy Mullins,Wapol,Grand Line (Drum Kingdom),Black Drum KingdomDrum Kingdom (former),27 (debut)29 (after timeskip),"207 cm (6'9"")",X,Munch-Munch Fruit,Sound of Chomping,Paramecia,,,,,,,,,,,,,,,,,,,,,,,,,,,,,,,,,,,,,,,Captain
122,ヴィンスモーク・ジャッジ,VinsumōkuJajji,Vinsmoke Judge,Chapter 832; Episode 793,MADS,Mercenary,Alive,May 12th,Christopher Bevins,Vinsmoke Judge,North Blue (Germa Kingdom),,56,"272 cm (8'11"")",S,,,,,,,,,,,,,,,,,,,,,,,,,,,,,,,,,,,,,,,,,,Mercenary
9,"Mushi Mushi no Mi, Model  Suzumebachi",Bian,Bian,Chapter 717; Episode 647,StrawHatGrandFleet,Pirate,Alive,,Kristen McGuire,Bian,,,,,,"Bug-Bug Fruit, Model  Hornet",Insect; Hornet,Zoan,,,,,,,,,,,,,,,,,,,,,,,,,,,,,,,,,,,,,,,Pirate
159,鶴江もんの助,TsurueMonnosuke,,Chapter 933; Episode 928,,Machibugyō,Alive,,Mark Allen Jr.,Tsurue Monnosuke,,Wano Country (Flower Capital),,,,,,,,,,,,,,,,,,,,,,,,,,,,,,,,,,,,,,,,,,,,,Machi-bugyō
166,遠山辻ギロー,TōyamaTsujigirō,,Chapter 909; Episode 892,,Magistrate,Unknown,,Jordan Dash Cruz,Toyama Tsujigiro,,Wano Country (Flower Capital),,,,,,,,,,,,,,,,,,,,,,,,,,,,,,,,,,,,,,,,,,,,,Magistrate
84,ヤメナハーレ,Yamenahāre,Yamenahare,Chapter 436,Marumieta,Manservant,Alive,,,Yamenahare,,Pucci,,,,,,,,,,,,,,,,,,,,,,,,,,,,,,,,,,,,,,,,,,,,,Manservant
123,Beri Beri no Mi,Berīguddo,Berry Good,Chapter 426; Episode 309,Marines,MarineCaptain,Alive,September 10th,Jason C. Miller,Very Good,,,,,,Berry-Berry Fruit,Berry,Paramecia,,,,,,,,,,,,,,,,,,,,,,,,,,,,,,,,,,,,,,,Marine Captain
55,ゾット,Zotto,Burr,Chapter 533; Episode 434,MarinesG1Branch,MarineLieutenant,Alive,,,Zotto,,,,,,,,,,,,,,,,,,,,,,,,,,,,,,,,,,,,,,,,,,,,,,,Marine Lieutenant
148,ウッカリー,Ukkarī,Carelesso (WT100);Ukkari (Live-Action),Chapter 4; Episode 2,Marines,MarineSeamanRecruit,Alive,February 17th,,Ukkari,East Blue,Shells Town,,,,,,,,Richard Wright-Firth,,,,,,,,,,,,,,,,,,,,,,,,,,,,,,,,,,,,,Marine Seaman Recruit
6,ビミネ,Bimine,Bimine,Chapter 657 (cover),,Mayor,Alive,,,Bimine,,Pucci,,,,,,,,,,,,,,,,,,,,,,,,,,,,,,,,,,,,,,,,,,,,,Mayor
89,ウープ・スラップ,ŪpuSurappu,Woop Slap,Chapter 1; Episode 4,FooshaVillage,Mayor,Alive,February 28th,Barry Yandell,Woop Slap,East Blue (Goa Kingdom),Foosha Village,,,,,,,,,,,,,,,,,,,,,,,,,,,,,,,,,,,,,,,,,,,,,Mayor
10,ベルメール,Berumēru,Belle-Mère (VIZ Media);Bellemere (Funimation)Bell-mère (OPCG),Chapter 77; Episode 32,Marines,MarineOfficer,Deceased,December 3rd,Cynthia Cranz,Bell-mère,East Blue (Conomi Islands),Cocoyasi Village,,"186 cm (6'1"")",S,,,,30.0,Genna Galloway,,,,,,,,,,,,,,,,,,,,,,,,,,,,,,,,,,,,,Marine Officer
76,ヨモ,Yomo,Yomo,Chapter 806; Episode 755,NinjaPirateMinkSamuraiAlliance,Musketeer,Alive,,John Stimac,Yomo,,,,,,,,,,,,,,,,,,,,,,,,,,,,,,,,,,,,,,,,,,,,,,,Musketeer
104,ワンダ,Wanda,Wanda,Chapter 804; Episode 753,NinjaPirateMinkSamuraiAlliance,Kingsbird,Alive,November 1st,Jenny Yokobori,Wanda,Grand Line (Mokomo Dukedom),Zou,28,"181 cm (5'11"")",F,,,,,,,,,,,,,,,,,,,,,,,,,,,,,,,,,,,,,,,,,,Kingsbird
3,ビシャ門,Bishamon,Bishamon,Chapter 931; Episode 925,KurozumiFamily,Pirate,Alive,August 1st,Stephen Miller,Bishamon,Wano Country,"Flower Capital, Wano Country",28,"182 cm (6'0"")",XF,,,,,,,,,,,,,,,,,,,,,,,,,,,,,,,,,,,,,,,,,,Pirate
78,矢ざえもん,Yazaemon,Yazaemon,Chapter 931; Episode 925,OrochiOniwabanshu,Pirate,Alive,August 8th,Howard Wang,Yazaemon,Wano Country,"Flower Capital, Wano Country",24,"180 cm (5'10"")",S,,,,,,,,,,,,,,,,,,,,,,,,,,,,,,,,,,,,,,,,,,Pirate
173,トンジット,Tonjitto,Tonjit,Chapter 304; Episode 207,Nomads,NomadStiltwalker,Alive,October 2nd,Bill Flynn,Tonjit,Grand Line (Long Ring Long Land),,61 (debut)63 (after timeskip),"118 cm (3'10"")",F,,,,,,,,,,,,,,,,,,,,,,,,,,,,,,,,,,,,,,,,,,"Nomad, Stilt walker"
163,トリスタン,Torisutan,Tristan,Chapter 795; Episode 739,NinjaPirateMinkSamuraiAlliance,Nurse,Alive,,Felecia Angelle,Tristan,,Zou,,,,,,,,,,,,,,,,,,,,,,,,,,,,,,,,,,,,,,,,,,,,,Nurse
195,テート,Tēto,,Chapter 234; Episode 151,WhitebeardPirates,Nurse,Alive,,Yuka Shioyama,Tate,,,,,,,,,,,,,,,,,,,,,,,,,,,,,,,,,,,,,,,,,,,,,,,Nurse
186,ティバニー,Tibanī,TibbanyElizabeth (Anime),Chapter 543 (cover); Episode 419,KamabakkaKingdom,Okama,Alive,June 19th,Leah Clark (fantasy),Tibany,,,,,,,,,,,,,,,,,,,,,,,,,,,,,,,,,,,,,,,,,,,,,,,Okama
143,ユルスマジマスク,YurusumajiMasuku,Yurusumaji Mask,One Piece Color Walk 2,Easteregg,Pandamansrival,Alive,,,Unforgivable Mask,,,,,,,,,,,,,,,,,,,,,,,,,,,,,,,,,,,,,,,,,,,,,,,Pandaman's rival
59,ゼウス,Zeusu,Zeus,Chapter 827; Episode 786,StrawHatPirates,Servant,Alive,June 26th,Kevin D. Thelwell,Zeus,Grand Line,Sorcery Clima-Tact; Totto Land (former),,"232 cm (7'7"") (as a Cloud)",,,,,,,,,,,,,,,,,,,,,,,,,,,,,,,,,,,,,,,,,,,Servant
60,ゼポ,Zepo,Zepo,Chapter 850; Episode 816,NoxPirates,Pirate,Deceased,,Cris George,Zepo,,,,,,,,,,,,,,,,,,,,,,,,,,,,,,,,,,,,,,,,,,,,,,,Pirate
70,ユーイ,Yūi,Yuey,Chapter 966; Episode 966,RogerPirates,Pirate,Unknown,,,Yui,,,,,,,,,,,,,,,,,,,,,,,,,,,,,,,,,,,,,,,,,,,,,,,Pirate
85,ヤモン,Yamon,Yamon,SBS Volume 96; Episode 966,RogerPirates,Pirate,Unknown,,,Yamon,,,,,,,,,,,,,,,,,,,,,,,,,,,,,,,,,,,,,,,,,,,,,,,Pirate
91,ワイヤー,Waiyā,Wire,Chapter 500; Episode 394,KidPirates,Pirate,Unknown,July 18th,Daniel Penz,Wire,South Blue,,,,,,,,,,,,,,,,,,,,,,,,,,,,,,,,,,,,,,,,,,,,,,Pirate
95,ウェリントン,Werinton,Wellington,Chapter 763; Episode 702,,Pirate,Unknown,,10000000,Wellington,,,,,,,,,,,,,,,,,,,,,,,,,,,,,,,,,,,,,,,,,,,,,,,Pirate
107,ウォレス,Woresu,Wallace,Chapter 552; Episode 461,SpadePirates,Pirate,Alive,,,Wallace,,,,,,,,,,,,,,,,,,,,,,,,,,,,,,,,,,,,,,,,,,,,,,,Pirate
109,ワダツミ,Wadatsumi,Wadatsumi,Chapter 606; Episode 525,FlyingPirates,Pirate,Alive,February 9th (Pufferfish Day),Trina Nishimura,Wadatsumi,Grand Line (Ryugu Kingdom),,25,"80 m (262'5"")",F,,,,,,,,,,,,,,,,,,,,,,,,,,,,,,,,,,,,,,,,,,Pirate
142,ウニ,Uni,Uni,Chapter 810; Episode 757,HeartPirates,Pirate,Unknown,,Matt Holmes,Uni,,,,,,,,,,,,,,,,,,,,,,,,,,,,,,,,,,,,,,,,,,,,,,,Pirate
152,UK（ユーケー）,YūKē,UK,Chapter 1029; Episode 1054,KidPirates,Pirate,Unknown,,Kensuke Shimizu,UK,,,,,,,,,,,,,,,,,,,,,,,,,,,,,,,,,,,,,,,,,,,,,,,Pirate
154,トルコ,Toruko,Turk,Chapter 598; Episode 517,FakeStrawHatCrew,Pirate,Unknown,October 29th,Ian Sinclair,Turco,East Blue,,45,"258 cm (8'5"")",X,,,,,,,,,,,,,,,,,,,,,,,,,,,,,,,,,,,,,,,,,,Pirate
171,トリ,Tori,,Chapter 925; Episode 917,BlackbeardPirates,Pirate,Alive,,,Tori,,,,,,,,,,,,,,,,,,,,,,,,,,,,,,,,,,,,,,,,,,,,,,,Pirate
197,タロウ,Tarō,Taro,Chapter 0; Episode 0,RogerPirates,Pirate,Unknown,,Toshiya Chiba,Taro,,,,,,,,,,,,,,,,,,,,,,,,,,,,,,,,,,,,,,,,,,,,,,,Pirate
67,ユリカー,Yurikā,Eureka,Chapter 151 (cover),TulipPirates,PirateCaptain,Alive,,,Yurikah,,,,,,,,,,,,,,,,,,,,,,,,,,,,,,,,,,,,,,,,,,,,,,,Pirate Captain
137,ウルージ,Urūji,Urouge,Chapter 498; Episode 392,FallenMonkPirates,PirateCaptain,Alive,August 1st,Major Attaway,Urouge,Sky Island,Ballon Terminal,45 (debut)47 (after timeskip),"388 cm (12'9"") (debut, after timeskip)",S,,,,,,,,,,,,,,,,,,,,,,,,,,,,,,,,,,,,,,,,,,Pirate Captain
168,Ope Ope no Mi,TorafarugāDīWāteruRō,Trafalgar D. Water Law,Chapter 498; Episode 392,DonquixotePirates,WarlordoftheSea,Alive,October 6th,Matthew Mercer;Brittany Lauda (young),Trafalgar D. Water Law,North Blue,Flevance (former);Spider Miles (former);Swallow Island (former),24 (debut)26 (after timeskip),"191 cm (6'3"") (debut, after timeskip)",F,Op-Op Fruit,Operation,Paramecia,,,,,,,,,,,,,,,,,,,,,,,,,,,,,,,,,,,,,,,Warlord of the Sea
131,ヴェルゴ,Verugo,Vergo,Chapter 671; Episode 597,MarineG5,MarineCaptain,Deceased,July 5th,Wes Frazier,Vergo,North Blue,Downs (former)G-5 (former),,"247 cm (8'1"")",X,,,,41.0,,"Corazon (コラソン, Korason?) (former)",,,,,,,,,,,,,,,,,,,,,,,,,,,,,,,,,,,,Marine Captain
164,Beta Beta no Mi,Torēboru,Trebol,Chapter 700; Episode 629,DonquixotePirates,SugarsBodyguard,Alive,March 18th,Alejandro Saab,Trebol,North Blue,Downs (former)Spider Miles (former)Dressrosa (former),49,"349 cm (11'5"")",F,Stick-Stick Fruit (Viz)Sticky-Sticky Fruit (FUNimation),Sticky,Paramecia,,,,,,,,,,,,,,,,,,,,,,,,,,,,,,,,,,,,,,,Sugar's Bodyguard
111,ヴィト,Vito,Vito,Chapter 812; Episode 763,FireTankPirates,Mafiagangster,Alive,October 21st,Chris Hackney,Vito,West Blue,,36,"242 cm (7'11"")",S,,,,,,,,,,,,,,,,,,,,,,,,,,,,,,,,,,,,,,,,,,Mafia gangster
0,A・O（アー・オー）,ĀŌ,A.O. (VIZ Media and FUNimation subs);A.O (FUNimation dub),Chapter 551; Episode 460,SubordinateoftheWhitebeardPirates,Captain,Unknown,January 15th,Mark Fickert,A O,,,,,,,,,,,,,,,,,,,,,,,,,,,,,,,,,,,,,,,,,,,,,,,Captain
1,ビザール,Bizāru,Bizarre,Chapter 553; Episode 468,SubordinateoftheWhitebeardPirates,Captain,Alive,February 3rd,Wilbur Penn,Bizarre,,,,,,,,,,,,,,,,,,,,,,,,,,,,,,,,,,,,,,,,,,,,,,,Captain
57,ズッカ,Zukka,Zukka,Chapter 564; Episode 489,AllyoftheWhitebeardPirates,Captain,Alive,,,Zucca,,,,,,,,,,,,,,,,,,,,,,,,,,,,,,,,,,,,,,,,,,,,,,,Captain
58,ゾディア,Zodia,Zodia,Chapter 553; Episode 462,WhitebeardPirates,Captain,Alive,,Patrick McAlister,Zodia,,,,,,,,,,,,,,,,,,,,,,,,,,,,,,,,,,,,,,,,,,,,,,,Captain
75,ヨーキ,Yōki,Yorki,Chapter 103; Episode 63,RumbarPirates,Captain,Unknown,April 9th,Charles Baker (Episode 63);Chris Hury (Episode 378+),Yorki,,,,,,,,,,,,,,,,,,,,,,,,,,,,,,,,,,,,,,,,,,,,,,,Captain
99,ホワイティベイ,Howaitibei,Whitey Bay,Chapter 556; Episode 462,WhitebeardPirates,Captain,Alive,October 31st,Jennifer Green,Whitey Bay,,,,,,,,,,,,,,,,,,,,,,,,,,,,,,,,,,,,,,,,,,,,,,,Captain
106,ウォレム,Woremu,Wallem,Chapter 561; Episode 470,AllyoftheWhitebeardPirates,Captain,Alive,,Phil Alford,Wallem,,,,,,,,,,,,,,,,,,,,,,,,,,,,,,,,,,,,,,,,,,,,,,,Captain
112,ヴィタン,Vitan,Vitan,Chapter 553,WhitebeardPirates,Captain,Alive,,,Vitan,,,,,,,,,,,,,,,,,,,,,,,,,,,,,,,,,,,,,,,,,,,,,,,Captain
127,Mato Mato no Mi,BandāDekkenKyūsei,Vander Decken IX,Chapter 606; Episode 525,AllyoftheNewFishManPirates,Captain,Alive,August 22nd,Jim Foronda,Vander Decken IX,Grand Line (Ryugu Kingdom;Fish-Man Island),Flying Dutchman (former),35,"352 cm (11'7"")",XF,Mark-Mark Fruit,Target,Paramecia,,,,,,,,,,,,,,,,,,,,,,,,,,,,,,,,,,,,,,,Captain
8,ビッグパン,BigguPan,Big Bun (Viz);Big Pan (FUNimation),Chapter 309; Episode 210,GroggyMonsters,Combatant,Alive,May 25th,Andrew Chandler,Big Pan,,,,,,,,,,,,,,,,,,,,,,,,,,,,,,,,,,,,,,,,,,,,,,,Combatant
12,ベン・ベックマン,BenBekkuman,"Benn Beckman;Ben Beckman (VIZ, formerly)",Chapter 1; Episode 4,RedHairPirates,FirstMate,Alive,November 9th,Sean Hennigan,Benn Beckman,North Blue,,38 (debut);48 (pre-timeskip);50 (after timeskip),"206 cm (6'9"")",X,,,,,Laudo Liebenberg,,,,,,,,,,,,,,,,,,,,,,,,,,,,,,,,,,,,,First Mate
11,ベポ,Bepo,Bepo,Chapter 498; Episode 392,HeartPirates,Guardianshelper,Alive,November 20th (Fur Day),Cris George,Bepo,Zou,Zou (former);Swallow Island (former),20 (debut)22 (after timeskip),"240 cm (7'10"")",S,,,,,,,,,,,,,,,,,,,,,,,,,,,,,,,,,,,,,,,,,,Guardians' helper
61,ゼオ,Zeo,Zeo,Chapter 611; Episode 530,NewFishManPirates,PirateOfficer,Alive,November 11th,Nazeeh Tarsha,Zeo,Grand Line (Ryugu Kingdom; Fish-Man Island),Fish-Man District (former),30,"325 cm (10'8"")",X,,,,,,,,,,,,,,,,,,,,,,,,,,,,,,,,,,,,,,,,,,Pirate Officer
15,ベレット,Beretto,Beret,Chapter 537; Episode 439,Unnamedkingdom,Prince,Alive,,Sam Swanson (male),Bellett,,,,,,,,,,,,,,,,,,,,,,,,,,,,,,,,,,,,,,,,,,,,,,,Prince
81,ヤソップ,Yasoppu,Yasopp,Chapter 1; Episode 4,RedHairPirates,Sniper,Alive,August 2nd,Scott Freeman (2007-2014);Jeff Johnson (2019+),Yasopp,East Blue (Gecko Islands),Syrup Village (former),35 (debut);45 (pre-timeskip);47 (after timeskip),"183 cm (6'0"")",S,,,,,Stevel Marc,,,,,,,,,,,,,,,,,,,,,,,,,,,,,,,,,,,,,Sniper
130,Wapu Wapu no Mi,VanŌgā,"Van Augur (VIZ)Van Ogre (Formerly VIZ, Edited Funimation)Van Auger (Uncut Funimation)",Chapter 222; Episode 146,BlackbeardPirates,TitanicCaptain,Alive,October 5th,Barry Yandell,Van Augur,East Blue,,25 (debut)27 (after timeskip),"340 cm (11'2"")",X,Warp-Warp Fruit,Warp,Paramecia,,,,,,,,,,,,,,,,,,,,,,,,,,,,,,,,,,,,,,,Titanic Captain
124,Gabu Gabu no Mi,BasukoShotto,Vasco Shot,Chapter 575; Episode 484,ImpelDown,PrisoneroftheGreatPrison,Alive,August 5th,Clint Ford,Vasco Shot,South Blue,,36 (debut)38 (after timeskip),"573 cm (18'10"")",X,Glug-Glug Fruit,Gulping down a drink,Paramecia,,,,,,,,,,,,,,,,,,,,,,,,,,,,,,,,,,,,,,,Prisoner of the Great Prison
19,綱渡りフナンボローズ,TsunawatariFunanBorōzu,Tightrope Funan Boros,Chapter 8; Episode 4,BuggysDelivery,Pirates,Alive,February 25th,Sonny StraitJustin CookJ. Michael Tatum,Tightrope Walking Funan Bros,East Blue,"Buggy Town, Karai Bari Island (Non-Canon)≠",,,,,,,,Sizo MahlanguGreg Parvess,,,,,,,,,,,,,,,,,,,,,,,,,,,,,,,,,,,,,Pirates
7,びん豪,Bingō,Bingoh,Chapter 928; Episode 921,,Graverobber,Alive,,Dalton Tindall,Bingo,,Wano Country (Ebisu Town),,,,,,,,,,,,,,,,,,,,,,,,,,,,,,,,,,,,,,,,,,,,,Graverobber
102,ホイール,Hoīru,Wheel,Chapter 906; Episode 884,Levely,Prince,Alive,,Cole Feuchter,Wheel,,South Fire Kingdom,,,,,,,,,,,,,,,,,,,,,,,,,,,,,,,,,,,,,,,,,,,,,Prince
162,トリトブー,Toritobū,,Chapter 906; Episode 884,Levely,Prince,Alive,,Jonathan Rigg,Tritobu,,Nagagutsu Kingdom,,,,,,,,,,,,,,,,,,,,,,,,,,,,,,,,,,,,,,,,,,,,,Prince
115,ヴィンスモーク・ヨンジ,VinsumōkuYonji,Vinsmoke Yonji,Chapter 825; Episode 783,Germa66,Mercenary,Alive,March 2nd,Clifford Chapin;Meli Grant (young),Vinsmoke Yonji,North Blue (Germa Kingdom),,21,"194 cm (6'4"")",S (RH-),,,,,,,,,,,,,,,,,,,,,,,,,,,,,,,,,,,,,,,,,,Mercenary
118,ヴィンスモーク・ニジ,VinsumōkuNiji,Vinsmoke Niji,Chapter 828; Episode 787,Germa66,Mercenary,Alive,March 2nd,Austin Tindle;Trina Nishimura (young),Vinsmoke Niji,North Blue (Germa Kingdom),,21,"185 cm (6'1"")",S (RH-),,,,,,,,,,,,,,,,,,,,,,,,,,,,,,,,,,,,,,,,,,Mercenary
120,ヴィンスモーク・イチジ,VinsumōkuIchiji,Vinsmoke Ichiji,Chapter 828; Episode 787,Germa66,Mercenary,Alive,March 2nd,Howard Wang;Apphia Yu (Young),Vinsmoke Ichiji,North Blue (Germa Kingdom),,21,"186 cm (6'1"")",S (RH-),,,,,,,,,,,,,,,,,,,,,,,,,,,,,,,,,,,,,,,,,,Mercenary
113,Giro Giro no Mi,Viora,Viola,Chapter 703; Episode 632,DonquixotePirates,Dancer,Alive,April 30th,Cristina Vee,Viola,Grand Line (Dressrosa),,29,"178 cm (5'10"")",X,Glare-Glare Fruit,Glare; Stare,Paramecia,,,"Violet (ヴァイオレット, Vaioretto?)",,,,,,,,,,,,,,,,,,,,,,,,,,,,,,,,,,,,Dancer
116,ヴィンスモーク・レイジュ,VinsumōkuReiju,Vinsmoke Reiju,Chapter 826; Episode 784,Germa66,Mercenary,Alive,November 30th,Alexis Tipton,Vinsmoke Reiju,North Blue (Germa Kingdom),,24,"173 cm (5'8"")",F,,,,,,,,,,,,,,,,,,,,,,,,,,,,,,,,,,,,,,,,,,Mercenary
184,テツ,Tetsu,,Chapter 948; Episode 947,NinjaPirateMinkSamuraiAlliance,Prisoner,Alive,,Geoff Galneda,Tetsu,,Flower Capital (Wano Country) (former),Over 41,,,,,,,,,,,,,,,,,,,,,,,,,,,,,,,,,,,,,,,,,,,,Prisoner
117,ヴィンスモーク・ソラ,VinsumōkuSora,Vinsmoke Sora,"Chapter 841; Episode 803 (image), Episode 804",GermaKingdom,Queen,Deceased,July 9th,Kristen McGuire,Vinsmoke Sora,,,,,,,,,,,,,,,,,,,,,,,,,,,,,,,,,,,,,,,,,,,,,,,Queen
14,Mane Mane no Mi,Bensamu,Bentham,Chapter 129; Episode 78,BaroqueWorks,PrisoneroftheGreatPrison,Alive,August 15th,Barry YandellMike McFarland (Unlimited Adventure),Bentham,East Blue,,30 (debut)32 (after timeskip),"238 cm (7'10"")",F,Clone-Clone Fruit,Imitation,Paramecia,,,"""Mr. 2 Bon Kurei"" (Mr. 2（ミスター・ツー）・ボン・クレー, Misutā Tsū Bon Kurē?, Official Translation  Mr. 2 Bon Clay)",,,,,,,,,,,,,,,,,,,,,,,,,,,,,,,,,,,,Prisoner of the Great Prison
73,ヨシモト,Yoshimoto,Yoshimoto,Chapter 157; Episode 94,,Restaurantowner,Alive,,Brian Mathis,Yoshimoto,,,,,,,,,,,,,,,,,,,,,,,,,,,,,,,,,,,,,,,,,,,,,,,Restaurant owner
108,わかさ,Wakasa,,Chapter 915; Episode 901,,RestaurantOwner,Alive,,,Wakasa,,Wano Country (Bakura Town),,,,,,,,,,,,,,,,,,,,,,,,,,,,,,,,,,,,,,,,,,,,,Restaurant Owner
188,テリー・ギルテオ,TerīGiruteo,Terry Gilteo,Chapter 440; Episode 324,RevolutionaryArmy,RevolutionaryArmyIntelligenceController,Alive,,,Terry Gilteo,,,,,,,,,,,,,,,,,,,,,,,,,,,,,,,,,,,,,,,,,,,,,,,Revolutionary Army Intelligence Controller
192,テラコッタ,Terakotta,Terracotta,Chapter 213; Episode 128,ArabastaKingdom,RoyalSeamstress,Alive,September 25th,Antimere Robinson,Terracotta,,,,,,,,,,,,,,,,,,,,,,,,,,,,,,,,,,,,,,,,,,,,,,,Royal Seamstress
147,右近,Ukon,,Chapter 926; Episode 918,NinjaPirateMinkSamuraiAlliance,Samurai,Alive,,Andrew Chandler,Ukon,,Wano Country (Flower Capital),,,,,,,,,,,,,,,,,,,,,,,,,,,,,,,,,,,,,,,,,,,,,Samurai
128,雨月天ぷら,UzukiTenpura,Uzuki Tempura,Chapter 1024; Episode 1048,,DaimyoofUdon,Deceased,,Jim Johnson,Uzuki Tempura,,,,,,,,,,,,,,,,,,,,,,,,,,,,,,,,,,,,,,,,,,,,,,,Daimyo of Udon
125,Nomi Nomi no Mi,DokutāBegapanku,Dr. Vegapunk,Chapter 684; Episode 610 (shadowed)Chapter 1061; Episode 1090 (satellite)Chapter 1066; Episode 1096,Marines,Scientist,Deceased,August 9th,Yōhei Tadano;Yoshito Yasuhara (Episode 610),Vegapunk,Grand Line (Karakuri Island),Egghead; Punk Hazard (former); Karakuri Island (former),65,,,Brain-Brain Fruit,Brain,Paramecia,,,"""Stella"" (本体（ステラ）, Sutera?, kanji literally meaning ""Main Body"")",,,,,,,,,,,,,,,,,,,,,,,,,,,,,,,,,,,,Scientist
161,ツキミ,Tsukimi,Tsukimi,Chapter 448 (cover),Moon,Scientist,Deceased,August 15th,,Tsukimi,,,,,,,,,,,,,,,,,,,,,,,,,,,,,,,,,,,,,,,,,,,,,,,Scientist
94,ウィッカ,Wikka,WickaWicca (WT100),Chapter 705; Episode 635,TontattaTribeScoutingUnitStrawHatGrandFleet,Pirate,Alive,,Sarah Roach,Wicca,,,27,,,,,,,,,,,,,,,,,,,,,,,,,,,,,,,,,,,,,,,,,,,,Pirate
72,ヨツバネ,Yotsubane,Yotsubane,Chapter 269; Episode 176,Shandia,ShandiaWarrior,Alive,,,Yotsubane,,,,,,,,,,,,,,,,,,,,,,,,,,,,,,,,,,,,,,,,,,,,,,,Shandia Warrior
96,ワラシ,Warashi,Warashi,Chapter 269; Episode 176,Shandia,ShandiaWarrior,Alive,,Takayuki Sasada,Warashi,,,,,,,,,,,,,,,,,,,,,,,,,,,,,,,,,,,,,,,,,,,,,,,Shandia Warrior
93,ワイパー,Waipā,"Wyper (4Kids, Viz, FUNimation);Wyler (4Kids; FUNimation edited dub)",Chapter 237; Episode 153,GodsGuards,GodsGuard,Alive,August 18th,J. Paul Slavens;Leah Clark (young),Wyper,Sky Islands (Skypiea),,22 (debut)24 (after timeskip),183 cm (6'0),X,,,,,,,,,,,,,,,,,,,,,,,,,,,,,,,,,,,,,,,,,,God's Guard
146,"Ryu Ryu no Mi, Model  Pachycephalosaurus",Uruti,Ulti,Chapter 977; Episode 982,BeastsPirates,Shinuchi,Alive,January 4th,Christina Kelly,Ulti,Grand Line,,22,"173 cm (5'8"")",XF,"Dragon-Dragon Fruit, Pachycephalosaurus Model","Dragon, Dinosaur",Ancient Zoan,,,,,,,,,,,,,,,,,,,,,,,,,,,,,,,,,,,,,,,Shinuchi
5,"Kumo Kumo no Mi, Model  Rosamygale Grauvogeli",Burakkumaria,Black Maria,Chapter 977; Episode 982,BeastsPirates,Brothelowner,Alive,September 24th,Alicyn Packard,Black Maria,Wano Country,Onigashima,29,"820 cm (26'11"")",S,"Spider-Spider Fruit, Rosamygale grauvogeli Model",Spider,Ancient Zoan,,,,,,,,,,,,,,,,,,,,,,,,,,,,,,,,,,,,,,,Brothel owner
97,"Neko Neko no Mi, Model  Saber Tiger",FūzuFū,Who's-Who,Chapter 977; Episode 954 (silhouette); Episode 982 (actual),,CipherPolAgent,Alive,March 15th,Reagan Murdock,Who's-Who,North Blue,Onigashima,38,"336 cm (11'0¼"")",F,"Cat-Cat Fruit, Saber-Toothed Tiger Model",Cat,Ancient Zoan,,,,,,,,,,,,,,,,,,,,,,,,,,,,,,,,,,,,,,,Cipher Pol Agent
144,ウミット,Umitto,Umit,Chapter 860; Episode 828,Underworld,EmperoroftheUnderworld,Alive,September 23rd,Gregory Lush,Umit,,,,,,,,,,,,,,,,,,,,,,,,,,,,,,,,,,,,,,,,,,,,,,,Emperor of the Underworld
176,トム,Tomu,Tom,Chapter 352; Episode 248,TomsWorkers,Shipwright,Deceased,March 16th,Rob Mungle,Tom,Grand Line (Ryugu Kingdom; Fish-Man Island),Water 7; Fish-Man Island (former),,"296 cm (9'8"")",F,,,,67.0,,,,,,,,,,,,,,,,,,,,,,,,,,,,,,,,,,,,,,Shipwright
133,Uta Uta no Mi,Uta,Uta,Chapter 1055 (flashback); One Piece Film  Red; Episode 1029,RedHairPirates,Pirate,Unknown,October 1st,Amanda LeeAdo (singing voice),Uta,,Elegia (former),21,169 cm (5'6½”),XF,Sing-Sing Fruit,Song,Paramecia,,,,,,,,,,,,,,,,,,,,,,,,,,,,,,,,,,,,,,,Pirate
135,ウソップ,Usoppu,Usopp,Chapter 23; Episode 8,NinjaPirateMinkSamuraiAlliance,ToadOilSalesman,Alive,April 1st (April Fool's Day),Sonny Strait,Usopp,East Blue (Gecko Islands),"Syrup Village (former);Boin Archipelago (former, temporary)",17 (debut)19 (after timeskip),"174 cm (5'9"") (debut)176 cm (5'9"") (after timeskip)",S,,,,,Jacob Romero Gibson;Kevin Saula (young),"""Sogeking"" (そげキング, Sogekingu?) (former)""Usoland"" (ウソランド, Usorando?)""Uso-hachi"" (ウソ八, Usohachi?, English versions  Usohachi)",,,,,,,,,,,,,,,,,,,,,,,,,,,,,,,,,,,,Toad Oil Salesman
64,Toge Toge no Mi,Zara,Zala,Chapter 155; Episode 103,BaroqueWorks,OfficerAgent,Alive,July 30th,Leah Clark,Zala,Grand Line,,26 (debut)28 (after timeskip),"187 cm (6'2"")",X,Spike-Spike Fruit,Spike,Paramecia,,,"Miss Doublefinger (ミス・ダブルフィンガー, Misu Daburufingā?, 4Kids  ""Ms. New Year's Eve"")Paula (ポーラ, Pōra?, VIZ  ""Pola"")",,,,,,,,,,,,,,,,,,,,,,,,,,,,,,,,,,,,Officer Agent
141,浦島,Urashima,Urashima,Chapter 913; Episode 899,,SumoWrestler,Alive,,Campbell Cooley,Urashima,,"Flower Capital, Wano Country",,,,,,,,,,,,,,,,,,,,,,,,,,,,,,,,,,,,,,,,,,,,,Sumo Wrestler
156,鶴女,Tsurujo,Otsuru,Chapter 912; Episode 897,,Waitress,Alive,September 15th,Hope Endrenyi,Tsurujo,,"Okobore Town, Kuri, Wano Country",55,"191 cm (6'3"")",F,,,,,,,,,,,,,,,,,,,,,,,,,,,,,,,,,,,,,,,,,,Waitress
90,ヤマカジ,Yamakaji,Yamakaji,Chapter 420; Episode 302,Marines,ViceAdmiral,Alive,April 5th,Babs Ipaye,Yamakaji,,,,,,,,,,,,,,,,,,,,,,,,,,,,,,,,,,,,,,,,,,,,,,,Vice Admiral
138,ウルバン,Uruban,Urban,Chapter 1089,Marines,ViceAdmiral,Alive,,,Urban,,,,,,,,,,,,,,,,,,,,,,,,,,,,,,,,,,,,,,,,,,,,,,,Vice Admiral
157,Woshu Woshu no Mi,Tsuru,Tsuru,Chapter 234; Episode 151,Marines,ViceAdmiral,Alive,March 26th,Juli Erickson (Episode 459-3D2Y);Pam Dougherty (Adventure of Nebulandia);Wendy Powell (Episode 705+),Tsuru,North Blue,,74 (debut)76 (after timeskip),204 cm (6’8”),X,Wash-Wash Fruit,Wash,Paramecia,,,,,,,,,,,,,,,,,,,,,,,,,,,,,,,,,,,,,,,Vice Admiral
170,土茶（トサ）,Tosa,Tosa,Chapter 1089,Marines,ViceAdmiral,Alive,,,Tosa,,,,,,,,,,,,,,,,,,,,,,,,,,,,,,,,,,,,,,,,,,,,,,,Vice Admiral
178,トキカケ,Tokikake,Tokikake,SBS Volume 75; Movie 13;Chapter 907; Episode 887,Marines,ViceAdmiral,Alive,,Joel McDonald,Tokikake,,,,,,,,,,,"Chaton (茶豚, Chaton?, literally meaning ""Brown Pig"")",,,,,,,,,,,,,,,,,,,,,,,,,,,,,,,,,,,,Vice Admiral
132,ウワッツラー,Uwattsurā,,Chapter 936; Episode 932,BeastsPirates,PrisonerMineChiefGuard,Alive,,Brad Kurtz,Uwattsura,,,,,,,,,,,,,,,,,,,,,,,,,,,,,,,,,,,,,,,,,,,,,,,Prisoner Mine Chief Guard
139,ウシアーノ,Ushiāno,Ushiano,Chapter 905; Episode 883,RevolutionaryArmy,WestArmyDeputyCommander,Alive,,,Ushiano,,Baltigo (former); Momoiro Island,,,,,,,,,,,,,,,,,,,,,,,,,,,,,,,,,,,,,,,,,,,,,West Army Deputy Commander
140,ユニガロ,Yunigaro,Unigaro,Chapter 445; Episode 340,ThrillerBarkPirates,WildZombie,Deceased,,Aaron Dismuke,Unigaro,,,,,,,,,,,,,,,,,,,,,,,,,,,,42.0,,,,,,,,,,,,,,,,,,,Wild Zombie
79,弥太っぺ,Yatappe,Yatappe,Chapter 952; Episode 946,,Samurai,Alive,,Stephen E. Moellering,Yatappe,,,,,,,,,,,,,,,,,,,,,,,,,,,,,,,,,,,,,,,,,,,,,,,Samurai
160,綱ゴロー,Tsunagorō,Tsunagoro,Chapter 947; Episode 946,,Samurai,Alive,,Sean Letourneau,Tsunagoro,,,,,,,,,,,,,,,,,,,,,,,,,,,,,,,,,,,,,,,,,,,,,,,Samurai
169,トト,Toto,"Toto (FUNimation),Toh-Toh (Viz),Tu-tu (4Kids)",Chapter 163; Episode 100,Koza,Yubavillager,Alive,June 17th,Jerry Russell; Gregory Lush (777),Toto,,"Yuba, Arabasta",,,,,,,,,,,,,,,,,,,,,,,,,,,,,,,,,,,,,,,,,,,,,Yuba villager
2,ビヨ,Biyo,Beeyo (Viz);Biyo (Funimation subs),Chapter 658; Episode 583,,,Alive,,Kate Oxley,Biyo,,,,,,,,,,,,,,,,,,,,,,,,,,,,,,,,,,,,,,,,,,,,,,,nan
16,ヨンタマリア大船団,YontaMariaDaisendan,Yonta Maria Fleet,,,,,,,Yonta Maria Grand Fleet,,,,,,,,,,,,Chapter 704; Episode 633,Orlumbus,Yonta Maria,"At least 148,000,000",,,,,,,,,,,,,,,,,,,,,,,,,,,,,,,,nan
17,ヴィンスモーク家,Vinsumōkuke,Vinsmoke Family,,,,Extant,,,Vinsmoke Family,,,,,,,,,,,,Chapter 43; Episode 20,,,,Germa Kingdom; Germa 66,Vinsmoke Judge,,,,,,,,,,,,,,,,,,,,,,,,,,,,,,nan
18,トンタッタ海賊団,TontattaKaizokudan,Tontatta Pirates,,,,,,,Tontatta Pirates,,,,,,,,,,,,Chapter 799; Episode 745,,Usoland,,,,Leo,,,,,,,,,,,,,,,,,,,,,,,,,,,,,nan
20,黒ひげ海賊団,KurohigeKaizokudan,Black Beard Pirates (Edited dub);Blackbeard Pirates (Uncut dub),,,,,,,Blackbeard Pirates,,,,,,,,,,,,Chapter 234; Episode 151,Marshall D. Teach,Saber of Xebec,"Main Crew At least 4,194,200,000[Note 1]At least 2,445,800,000[Note 2]At least 198,200,000[Note 3]Organization At least 4,246,200,000[Note 4]",,,,,,,,,,,,,,,,,,,,,,,,,,,,,,,,nan
21,ビッグ・マム海賊団,BigguMamuKaizokudan,Big Mom Pirates,,,,,,,Big Mom Pirates,,,,,,,,,,,,Chapter 651; Episode 570,,Queen Mama Chanter,"Main Crew At least 10,121,500,000500,000,00050,000,000Organization At least 10,121,500,000At least 11,044,500,000",,,Charlotte Linlin,,,,,,,,,,,,,,,,,,,,,,,,,,,,,nan
22,麦わらの一味,MugiwaranoIchimi,Straw Hat Pirates;Straw Hat Crew (OPCG),,,,,,,Straw Hat Pirates,,,,,,,,,,,,Chapter 5; Episode 3,,Going Merry (Deceased  Destroyed)† (Ch.41-430 and Ep.17-312)Thousand Sunny (Ch.436-present and Ep.321-present),"8,816,001,000[bounty 1]3,161,000,100[bounty 2]2,008,000,100[bounty 3]1,570,000,100[bounty 4]800,000,050[bounty 5]700,000,050[bounty 6]667,000,050[bounty 7]239,000,000[bounty 8]30,000,000[bounty 9]",,,Monkey D. Luffy,,,,,,,,,,,,,,,,,,,,,,,,,,,,,nan
23,麦わら大船団,MugiwaraDaisendan,Straw Hat Grand FleetStraw Hat Fleet (Funimation subs),,,,,,,Straw Hat Grand Fleet,,,,,,,,,,,,Chapter 800; Episode 745,,,"At least 10,380,001,000[bounty 1]At least 6,225,000,100[bounty 2]At least 3,572,000,100[bounty 3]At least 3,134,000,100[bounty 4]",,,Monkey D. Luffy,,,,,,,,,,,,,,,,,,,,,,,,,,,,,nan
24,リク一族,RikuIchizoku,Riku Dynasty (Viz)Riku Family (Funimation),,,,Extant,,,Riku Family,,,,,,,,,,,,Chapter 702; Episode 631,,,,,,,Royalty,Riku Doldo III,,,,,,,,,,,,,,,,,,,,,,,,,,,nan
25,オロチお庭番衆,OrochiOniwabanshū,Orochi's Oniwabanshu,,,,,,,Orochi Oniwabanshu,,,,,,,,,,,,Chapter 931; Episode 925,,,,Wano Country; Kurozumi Family; Kozuki Family (Former),,Fukurokuju,Ninja,,Wano Country,,,,,,,,,,,,,,,,,,,,,,,,,,nan
26,ナンバーズ,Nanbāzu,Numbers,,,,,,,Numbers,,,,,,,,,,,,Chapter 954; Episode 955,,,,Beasts Pirates,,,,,,,,,,,,,,,,,,,,,,,,,,,,,,,nan
27,赤鞘九人男,AkazayaKuninOtoko,Akazaya Nine,,,,,,,Nine Red Scabbards,,,,,,,,,,,,Chapter 656; Episode 580,,,,Wano Country; Kozuki Family,,,"Samurai, Retainers",Kin'emon,Wano Country,,,,,,,,,,,,,,,,,,,,,,,,,,nan
28,WCI（ダブリューシーアイ）31（サーティーワン）,DaburyūShīAiSātīWan,WCI 31 (VIZ)WCI  31 (Funimation),,,,,,,WCI 31,,,,,,,,,,,,Chapter 880; Episode 852,,,,Totto Land,,,Head Chefs,,,,,,,,,,,,,,,,,,,,,,,,,,,,nan
29,新巨兵海賊団,ShinKyoHeiKaizokudan,New Giant Pirates,,,,,,,New Giant Warrior Pirates,,,,,,,,,,,,Chapter 706; Episode 639,,Naglfar,,,,Hajrudin,,,,,,,,,,,,,,,,,,,,,,,,,,,,,nan
30,ネフェルタリ家,Neferutarike,Nefeltari Family,,,,Extant,,,Nefertari Family,,,,,,,,,,,,Chapter 103; Episode 62,,,,,,,,,,Nefertari Cobra,Nefertari Vivi,Arabasta,,,,,,,,,,,,,,,,,,,,,,,nan
31,ネプチューン一族,NepuchūnIchizoku,Neptune Family,,,,Extant,,,Neptune Family,,,,,,,,,,,,Chapter 609; Episode 528,,,,,,,Royalty,Neptune,,,,,,,,,,,,,,,,,,,,,,,,,,,nan
32,狂死郎一家,KyōshirōIkka,Kyoshiro Family,,,,,,,Kyoshiro Family,,,,,,,,,,,,Chapter 919; Episode 909,,,,Wano Country; Kozuki Family; Kurozumi Family (defected); Beasts Pirates (former),,,Yakuza,,Wano Country,,,,Denjiro,,,,,,,,,,,,,,,,,,,,,,nan
33,光月家,Kōzukike,Kozuki Clan;Kouzuki Clan (OPCG),,,,,,,Kozuki Family,,,,,,,,,,,,Chapter 684; Episode 609,,,,,,,,"Kozuki Momonosuke, Kozuki Hiyori",Wano Country,,,,,,,,,,,,,,,,,,,,,,,,,,nan
34,バギー海賊団,BagīKaizokudan,Buggy's Band of Pirates,,,,Integrated into Buggy's Delivery,,,Buggy Pirates,,,,,,,,,,,,Chapter 8; Episode 4,,Big Top,"At least 3,320,000,000At least 144,000,00020,000,00015,000,000",,,"Buggy; Alvida (former, temporary during Buggy's second absence); Richie (former, temporary during Buggy's first absence)",,,,,,,,,,,,,,,,,,,,,,,,,,,,,nan
35,見廻組,Mimawarigumi,Mimawari-gumi,,,,,,,Mimawarigumi,,,,,,,,,,,,Chapter 951; Episode 951,,,,Wano Country; Kurozumi Family,,,Samurai,Hotei,Wano Country,,,,,,,,,,,,,,,,,,,,,,,,,,nan
37,キッド海賊団,KiddoKaizokudan,Kid Pirates,,,,Unknown,,,Kid Pirates,,,,,,,,,,,,Chapter 498; Episode 392,,Victoria Punk (former),"At least 3,200,000,000At least 670,000,000At least 477,000,000",,,Eustass Kid,,,,,,,,,,,,,,,,,,,,,,,,,,,,,nan
39,公正なる11人の陪審員,KōseinaruJūichininnoBaishinin,Eleven Righteous Jurors,,,,,,,Just Eleven Jurymen,,,,,,,,,,,,Chapter 384; Episode 271,,,,World Government (Baskerville),,,"Jury members of the Enies Lobby court, Pirates (former)",Baskerville,Enies Lobby,,,,,,,,,,,,,,,,,,,,,,,,,,nan
41,イッシー100（ワンハンドレッド）,IsshīWanhandoreddo,100 Doctors (Viz)100 MDs (FUNimation),,,,,,,Isshi-100,,,,,,,,,,,,Isshi-20  Chapter 136; Episode 82Isshi-100  Chapter 637 (cover),,,,Sakura Kingdom; Bliking Pirates (disbanded); Drum Kingdom (former),,,Doctors,Kureha,Sakura Kingdom,,,,,,,,,,,,,,,,,,,,,,,,,,nan
42,頭山盗賊団,AtamayamaTōzokudan,Atamayama Thieves Brigade,,,,,,,Mt. Atama Thieves,,,,,,,,,,,,Chapter 921; Episode 912,,,,,,,,Ashura Doji,Wano Country,,,,,,,,,,,,,,,,,,,,,,,,,,nan
43,犬嵐銃士隊,InuarashiJūshitai,Musketeers,,,,,,,Inuarashi Musketeer Squad,,,,,,,,,,,,Chapter 804; Episode 753,,,,Mokomo Dukedom,,,Military,"Carrot, Inuarashi (Commander, Former),Shishilian (Captain)",,,,,,,,,,,,,,,,,,,,,,,,,,,nan
44,イデオ海賊団,IdeoKaizokudan,Ideo Pirate Crew,,,,,,,Ideo Pirates,,,,,,,,,,,,Chapter 799; Episode 744,,Unknown,,,,Ideo,,,,,,,,,,,,,,,,,,,,,,,,,,,,,nan
45,八宝水軍,HappōSuigun,Happosui Army (Viz),,,,,,,Happo Navy,,,,,,,,,,,,Chapter 704; Episode 633,,Happosai,"At least 752,000,000At least 542,000,000",,,"Sai, Chinjao (former)",,,,,,,,,,,,,,,,,,,,,,,,,,,,,nan
46,ハートの海賊団,HātonoKaizokudan,Heart Pirates,,,,,,,Heart Pirates,,,,,,,,,,,,Chapter 498; Episode 392,,Polar Tang (former),"At least 3,000,000,500At least 500,000,500At least 440,000,500At least 200,000,500",,,Trafalgar D. Water Law,,,,,,,,,,,,,,,,,,,,,,,,,,,,,nan
47,四皇,Yonkō,Four Emperors,,,,,,,Four Emperors,,,,,,,,,,,,Chapter 96; Episode 45,,,"14,233,900,000[bounty 1]15,295,600,000[bounty 2]18,094,000,000[bounty 3]",Three Great Powers,,,Pirate Captains,,,,,,,,,,,,,,,,,,,,,,,,,,,,nan
48,五老星,Gorōsei,"Five Elders (VIZ, Funimation);Five Elder Stars (formerly Funimation)",,,,,,,Five Elders,,,,,,,,,,,,Chapter 233; Episode 151,,,,World Government (World Nobles),,,Highest Authorities of the World Government (Publicly); World Nobles,,Mary Geoise,,,,,,,,,,,,,,,,,,,,,,,,,,nan
49,チンジャオファミリー,ChinjaoFamirī,Qing Jiao Family (Former); Chinjao Family,,,,Active,,,Chinjao Family,,,,,,,,,,,,Chapter 704; Episode 633,,,,,,,,Chinjao,,,,,,,,,,,,,,,,,,,,,,,,,,,nan
50,美しき海賊団,UtsukushikiKaizokudan,Beautiful Pirates,,,,,,,Beautiful Pirates,,,,,,,,,,,,Chapter 704; Episode 633,,Sleeping White Horse of the Forest,"At least 397,000,000At least 280,000,000",,,Cavendish,,,,,,,,,,,,,,,,,,,,,,,,,,,,,nan
51,シャーロット家,Shārottoke,Charlotte Family,,,,Active,,,Charlotte Family,,,,,,,,,,,,Chapter 476; Episode 370,,,,,,,,,,,,,,Charlotte Linlin,,,,,,,,,,,,,,,,,,,,,nan
52,バルトクラブ,BarutoKurabu,Barto Club,,,,,,,Barto Club,,,,,,,,,,,,Chapter 705; Episode 634,,Going Luffy-senpai,"At least 267,000,000At least 217,000,000",,,Bartolomeo,,,,,,,,,,,,,,,,,,,,,,,,,,,,,nan
53,大将,Taishō,Admiral,,,,,,,Admiral,,,,,,,,,,,,Chapter 303; Episode 225,,,,Marines,,,,,,,,,,,,,,,,,,,,,,,,,,,,,,,nan
54,百獣海賊団,HyakujūKaizokudan,"Animal Kingdom Pirates (VIZ Media and Funimation sub);Beast Pirates (Funimation dub, Funimation sub (former))",,,,,,,Beasts Pirates,,,,,,,,,,,,Chapter 595; Episode 513,,,"At least 11,179,100,000[bounty 1]At least 11,401,100,000[bounty 2]",,,,,,,,,,,,Kaidou,,,,,,,,,,,,,,,,,,,,nan
56,象主（ズニーシャ）,Zunīsha,Zunesha,Chapter 802; Episode 751,,,Alive,December 18th,Reagan Murdock,Zunesha,Grand Line,New World,Over 1000,Over 35 km (21.75 miles)Length  Over 20 km (12.43 miles),,,,,,,,,,,,,,,,,,,,,,,,,,,,,,,,,,,,,,,,,,,nan
65,三鬼（ザンキ）,Zanki,Zanki,Chapter 991; Episode 1055,BeastsPirates,,Alive,,Kōji Takeda,Zanki,,,,,,,,,,,,,,,,,,,,,,,,,,,,,,,,,,,,,,,,,,,,,,,nan
66,ザボー,Zabō,Zabo,Chapter 241; Episode 155,,,Deceased,,Kevin M. Connolly,Zabo,,,,,,,,,,,,,,,,,,,,,,,,,,,,,,,,,,,,,,,,,,,,,,,nan
68,ユキ,Yuki,Yuki,Chapter 129; Episode 78,,,Unknown,December 17th,Brittney Karbowski,Yuki,Grand Line,,,,,,,,,,,,,,,,,,,,,,,,,,,,,,,,,,,,,,,,,,,,,,nan
71,ユウ,Yū,Yu,Chapter 98; Episode 48,,,Alive,July 19th,,Yu,East Blue,Loguetown,,,,,,,,,,,,,,,,,,,,,,,,,,,,,,,,,,,,,,,,,,,,,nan
77,欲（ヨーク）,Yōku,York,Chapter 1065; Episode 1095,MarinesWorldGovernment,,Alive,,Mutsumi Tamura,York,,Egghead,,,,,,,,,,,,,,,,,,,,,,,,,,,,,,,,,,,,,,,,,,,,,nan
80,ヨコヅナ,Yokozuna,Yokozuna,Chapter 322; Episode 228,TomsWorkers,,Alive,,Mike McFarland,Yokozuna,,Water 7,,,,,,,,,,,,,,,,,,,,,,,,,,,,,,,,,,,,,,,,,,,,,nan
86,お八女,OYame,,Chapter 917; Episode 904,,,Alive,,Marianne Bray,Yame,,Wano Country (Okobore Town),,,,,,,,,,,,,,,,,,,,,,,,,,,,,,,,,,,,,,,,,,,,,nan
87,"Inu Inu no Mi, Model  Okuchi no Makami",Yamato,Yamato,Chapter 971; Episode 972,BeastsPirates,,Alive,November 3rd,Michelle Rojas,Yamato,,Wano Country (Onigashima),28,"263 cm (8'8"")",F,"Dog-Dog Fruit, Model  Okuchi-no-Makami",Dog; Large-Mouthed True/Pure God,Mythical Zoan,,,"""Kozuki Oden"" (光月おでん, Kōzuki Oden?)",,,,,,,,,,,,,,,,,,,,,,,,,,,,,,,,,,,,nan
98,割（ワル）野フリ四郎,WarunoFurishirō,,Chapter 926; Episode 918,,,Alive,,Marcus Stimac,Waruno Furishiro,,Wano Country (Flower Capital),,,,,,,,,,,,,,,,,,,,,,,,,,,,,,,,,,,,,,,,,,,,,nan
105,ワーニー,Wānī,Warney,Chapter 804; Episode 753,Wanda,,Alive,,Belsheber Rusape Jr.,Wany,,,,,,,,,,,,,,,,,,,,,,,,,,,,,,,,,,,,,,,,,,,,,,,nan
110,科学者,Kagakusha,Scientist,,,,,,,Scientist,,,,,,,,,,,,Chapter 329; Episode 233,,,,,,,,,,,,,,,,,,,,,,,,,,,,,,,,,,,nan
119,ヴィクトリア・シルトン・ドルヤナイカ,VikutoriaShirutonDoruyanaika,Victoria Broth Splatterina,SBS Volume 87 (Mentioned),,,Deceased,,,Victoria Shiruton Doruyanaika,,Unnamed South Blue island,,,,,,,,,,,,,,,,,,,,,,,,,,,,,,,,,,,,,,,,,,,,,nan
129,ウズ,Uzu,Uzu,Chapter 658; Episode 583,,,Alive,,Terri Doty,Uzu,,,,,,,,,,,,,,,,,,,,,,,,,,,,,,,,,,,,,,,,,,,,,,,nan
136,うさぎヘビ,Usagihebi,,Chapter 22; Episode 18,AnimalsoftheIslandofRareAnimals,,Alive,,,Usagihebi,,,,,,,,,,,,,,,,,,,,,,,,,,,,,,,,,,,,,,,,,,,,,,,nan
149,ウホリシア,Uhorishia,Ooklicia,SBS Volume 77;Chapter 877 (cover);Episode 710 (fantasy),NihoNavy,,Alive,,Eric Rolon,Uholisia,,,,,,,,,,,,,,,,,,,,,,,,,,,,,,,,,,,,,,,,,,,,,,,nan
150,ウッホーくん,Uhhōkun,Ook-Ook,Chapter 743; Episode 677,,,Alive,,Keiji Hirai,Uhho,,Dressrosa,,,,,,,,,,,,,,,,,,,,,,,,,,,,,,,,,,,,,,,,,,,,,nan
165,トラファルガー・ラミ,TorafarugāRami,Trafalgar Lammy,Chapter 762; Episode 701,,,Deceased,,Bryn Apprill,Trafalgar Lami,,Flevance,,,,,,,,,,,,,,,,,,,,,,,,,,,,,,,,,,,,,,,,,,,,,nan
179,トガレ,Togare,Togare,Chapter 628; Episode 548,Neutralcivilian,,Alive,,Justin Pate,Togare,Grand Line (Ryugu Kingdom; Fish-Man Island),Coral Hill,,,,,,,,,,,,,,,,,,,,,,,,,,,,,,,,,,,,,,,,,,,,,nan
180,時ジロー,Tokijirō,Tokijiro,Chapter 929; Episode 922,,,Alive,,Grant Paulsen,Tokijiro,,Wano Country (Flower Capital),,,,,,,,,,,,,,,,,,,,,,,,,,,,,,,,,,,,,,,,,,,,,nan
182,ボニー海賊団,BonīKaizokudan,Bonney Pirates,,,,,,,Bonney Pirates,,,,,,,,,,,,Chapter 498; Episode 392,,Jewelry Margherita,"At least 320,000,000At least 140,000,000",,,Jewelry Bonney,,,,,,,,,,,,,,,,,,,,,,,,,,,,,nan
187,テラ,Tera,Tera,SBS Volume 105 (mentioned),,,Deceased,,,Tera,,,,,,,,,,,,,,,,,,,,,,,,,,,,,,,,,,,,,,,,,,,,,,,nan
